"SAINC1 State annual personal income summary: personal income, population, per capita personal income",,,,,,,,,,,,,,,,,,,,,,,,,,
 ,,,,,,,,,,,,,,,,,,,,,,,,,,
Bureau of Economic Analysis ,,,,,,,,,,,,,,,,,,,,,,,,,,
State or DC,,,,,,,,,,,,,,,,,,,,,,,,,,
GeoFips,GeoName,LineCode,Description,1999,2000,2001,2002,2003,2004,2005,2006,2007,2008,2009,2010,2011,2012,2013,2014,2015,2016,2017,2018,2019,2020,2021
0,United States,1,Personal income (millions of dollars),8006585,8654561,9009842,9157682,9491393,10037313,10599603,11374142,12014107,12475898,12073407,12586509,13330436,14003346,14189228,14969527,15681233,16092713,16837337,17671054,18575467,19812171,21288709
0,United States,2,Population (persons) 1/,279040168,282162411,284968955,287625193,290107933,292805298,295516599,298379912,301231207,304093966,306771529,309378433,311841632,314344331,316735375,319270047,321829327,324367742,326623063,328542157,330233102,331501080,331893745
0,United States,3,Per capita personal income (dollars) 2/,28693,30672,31617,31839,32717,34280,35868,38120,39883,41026,39356,40683,42747,44548,44798,46887,48725,49613,51550,53786,56250,59765,64143
1000,Alabama,1,Personal income (millions of dollars),103369.4,108215.4,111947.4,114904.5,120123.4,128828.7,136861.1,145692.3,152984.4,158450.6,155913.5,162531.1,168474.3,173361.7,175185.3,181078.8,189115.4,192363.5,199191.8,206712,216587.5,232040.3,250828.8
1000,Alabama,2,Population (persons) 1/,4430141,4452173,4467634,4480089,4503491,4530729,4569805,4628981,4672840,4718206,4757938,4787998,4812138,4839261,4864399,4886793,4908162,4930595,4952202,4976395,5003418,5024803,5039877
1000,Alabama,3,Per capita personal income (dollars) 2/,23333,24306,25057,25648,26673,28434,29949,31474,32739,33583,32769,33946,35010,35824,36014,37055,38531,39014,40223,41539,43288,46179,49769
2000,Alaska *,1,Personal income (millions of dollars),18712.5,20122.4,21309.2,22325.3,23340.3,24404.3,26061.2,27793.4,29869.1,32907.7,33028.4,35452,37981.8,39266,38978,41210,42555.1,41837.4,42431.4,43981.2,45056.8,45965.1,48219.2
2000,Alaska *,2,Population (persons) 1/,624779,627963,633714,642337,648414,659286,666946,675302,680300,687455,698895,714014,722511,731106,738057,737638,739127,743410,741949,737717,734823,732441,732673
2000,Alaska *,3,Per capita personal income (dollars) 2/,29951,32044,33626,34756,35996,37016,39075,41157,43906,47869,47258,49652,52569,53708,52812,55867,57575,56278,57189,59618,61316,62756,65813
4000,Arizona,1,Personal income (millions of dollars),125393.5,136175.1,142423.5,147602.2,156458.3,170821.6,188762,209228.7,221244.8,224508.3,212646,216873.6,227700.1,237809.1,243752.3,257272.3,270815.5,282085.1,299249.2,316896.3,340259.8,375601.3,403739.3
4000,Arizona,2,Population (persons) 1/,5023823,5160586,5273477,5396255,5510364,5652404,5839077,6029141,6167681,6280362,6343154,6402024,6446537,6507351,6563216,6638196,6714328,6801591,6879830,6969944,7070511,7177986,7276316
4000,Arizona,3,Per capita personal income (dollars) 2/,24960,26388,27008,27353,28393,30221,32327,34703,35872,35748,33524,33876,35321,36545,37139,38756,40334,41473,43497,45466,48124,52327,55487
5000,Arkansas,1,Personal income (millions of dollars),57999.1,61021,64255.3,65770.4,69742.3,74404.8,78500.7,83572.4,89170.5,92864.7,91170.8,94576.1,100739.2,107877.3,108367.8,114743.3,118719.5,121825.9,125285.9,130033.4,133161.4,142038.5,153185.8
5000,Arkansas,2,Population (persons) 1/,2651860,2678588,2691571,2705927,2724816,2749686,2781097,2821761,2848650,2874554,2896843,2921561,2938833,2948887,2954685,2961191,2970352,2980602,2990801,2997271,3004248,3012232,3025891
5000,Arkansas,3,Per capita personal income (dollars) 2/,21871,22781,23873,24306,25595,27059,28227,29617,31303,32306,31472,32372,34279,36582,36677,38749,39968,40873,41890,43384,44324,47154,50625
6000,California,1,Personal income (millions of dollars),1030884.7,1135543.4,1173878.6,1190223.8,1243465.5,1318744.3,1394854.9,1503754.4,1572721.4,1594742.5,1540872.6,1614040.8,1715227,1827166.9,1857200.9,1980736.8,2125430.3,2218457.8,2318280.9,2431773.9,2567425.6,2790523.5,3006183.9
6000,California,2,Population (persons) 1/,33499204,33987977,34479458,34871843,35253159,35574576,35827943,36021202,36250311,36604337,36961229,37322360,37650514,37970368,38291358,38636290,38966055,39223210,39424071,39535906,39547996,39499738,39237836
6000,California,3,Per capita personal income (dollars) 2/,30773,33410,34046,34131,35272,37070,38932,41746,43385,43567,41689,43246,45557,48121,48502,51266,54546,56560,58804,61508,64919,70647,76614
8000,Colorado,1,Personal income (millions of dollars),132293.9,147242.4,154444.5,154639.6,157851.9,163872.9,175069.2,189465.5,202115.9,210029.4,199351.6,205866.1,223492.6,236759.1,249512.7,271410.2,284836.8,289673,309417.3,331851,356341.3,378051.4,410948.2
8000,Colorado,2,Population (persons) 1/,4226018,4326921,4425687,4490406,4528732,4575013,4631888,4720423,4803868,4889730,4972195,5047005,5119188,5188703,5263512,5342996,5442196,5529161,5600169,5677250,5735934,5784308,5812069
8000,Colorado,3,Per capita personal income (dollars) 2/,31305,34029,34897,34438,34856,35819,37797,40137,42074,42953,40093,40790,43658,45630,47404,50797,52339,52390,55251,58453,62124,65358,70706
9000,Connecticut,1,Personal income (millions of dollars),134439,146946.4,155003,154596.4,156784.6,165149.4,174430,188872.6,203467.2,216174.5,212582.6,221058.5,226907.1,231171.1,226175.8,236756.6,243164.6,247777.4,252571.3,263357.6,272459.4,282486.1,300323.5
9000,Connecticut,2,Population (persons) 1/,3386401,3411777,3432835,3458749,3484336,3496094,3506956,3517460,3527270,3545579,3561807,3580279,3594193,3605259,3610314,3614695,3611995,3607688,3607615,3611318,3607159,3600260,3605597
9000,Connecticut,3,Per capita personal income (dollars) 2/,39700,43070,45153,44697,44997,47238,49738,53696,57684,60970,59684,61743,63132,64121,62647,65498,67321,68680,70011,72926,75533,78463,83294
10000,Delaware,1,Personal income (millions of dollars),24165.3,26645.3,29379.2,30359,31136.9,32379.5,33273.9,35275.3,36380.4,36145.2,36432.9,36837.8,39925,40393.3,41100.3,43031.6,45216.1,46444.8,48476.2,51191.2,53202.5,55866.8,60133.6
10000,Delaware,2,Population (persons) 1/,774990,786373,795699,806169,818003,830803,845150,859268,871749,883874,891730,899762,908169,916572,925599,935160,944596,953030,961499,971072,981297,991886,1003384
10000,Delaware,3,Per capita personal income (dollars) 2/,31181,33884,36922,37658,38065,38974,39370,41053,41733,40894,40856,40942,43962,44070,44404,46015,47868,48734,50417,52716,54217,56324,59931
11000,District of Columbia,1,Personal income (millions of dollars),22693.4,24897.7,25778.3,25876.1,26157.6,28437.6,30028.4,31846.9,34363.2,35329,35618.5,38324.4,41395,43010.6,43697.3,46780.2,50337.3,52684.5,54464.8,56707.5,58203.2,61925.5,64644.7
11000,District of Columbia,2,Population (persons) 1/,570213,572046,574504,573158,568502,567754,567136,570681,574404,580236,592228,604795,617794,631132,644755,654557,665633,673833,680945,685632,687408,690093,670050
11000,District of Columbia,3,Per capita personal income (dollars) 2/,39798,43524,44871,45147,46011,50088,52947,55805,59824,60887,60143,63368,67005,68148,67774,71469,75623,78186,79984,82708,84671,89735,96477
12000,Florida,1,Personal income (millions of dollars),436360.7,472851.8,497538.7,514203.2,540473.6,588257.4,642291.2,697349.7,727260.7,729994.1,686755.8,732457.5,771409.5,800551.7,802975.7,861412.3,919834.9,954069.7,1023855.3,1088794.7,1165093.1,1235793.4,1356318.6
12000,Florida,2,Population (persons) 1/,15759421,16047515,16356966,16689370,17004085,17415318,17842038,18166990,18367842,18527305,18652644,18842884,19039100,19271885,19507621,19795405,20145580,20537931,20871785,21133562,21354519,21569932,21781128
12000,Florida,3,Per capita personal income (dollars) 2/,27689,29466,30418,30810,31785,33778,35999,38386,39594,39401,36818,38872,40517,41540,41162,43516,45659,46454,49055,51520,54560,57292,62270
13000,Georgia,1,Personal income (millions of dollars),219284.1,237369.7,249320.7,256380,266411.4,280916.7,298525.8,318543.8,333611.5,336828.3,329744.6,338275.5,361250.6,371456.8,377202.2,402790.9,427437.4,444023.7,469213.5,493507.4,522393,557601.2,602464
13000,Georgia,2,Population (persons) 1/,8045965,8227303,8377038,8508256,8622793,8769252,8925922,9155813,9349988,9504843,9620846,9712576,9805488,9906963,9980513,10077700,10191467,10318225,10428498,10532566,10642947,10725800,10799566
13000,Georgia,3,Per capita personal income (dollars) 2/,27254,28851,29762,30133,30896,32034,33445,34791,35680,35438,34274,34829,36842,37495,37794,39969,41941,43033,44993,46855,49083,51987,55786
15000,Hawaii *,1,Personal income (millions of dollars),33608.1,35579,37058.6,38747.1,40621.4,43654.7,47022.9,50399,53272.1,55911.1,55326,56751.1,59288.1,61557,62521.2,66036.7,69109.1,71571.7,74542.8,76168.3,79699.7,83109.5,87857.7
15000,Hawaii *,2,Population (persons) 1/,1210300,1213519,1225948,1239613,1251154,1273569,1292729,1309731,1315675,1332213,1346717,1365064,1384943,1405024,1423171,1434212,1446479,1457008,1458361,1460183,1457034,1451911,1441553
15000,Hawaii *,3,Per capita personal income (dollars) 2/,27768,29319,30229,31257,32467,34277,36375,38480,40490,41969,41082,41574,42809,43812,43931,46044,47777,49122,51114,52164,54700,57241,60947
16000,Idaho,1,Personal income (millions of dollars),30218.5,32723.6,34054.3,35161.6,36440.8,39412.2,41979.2,46227.8,49227,50388.9,48624.5,50432.6,53273.7,56177.1,58403.7,61801.4,65475.7,68009.3,71888.4,76435.2,83031.5,91448.5,99549.6
16000,Idaho,2,Population (persons) 1/,1275674,1299430,1319962,1340372,1363380,1391802,1428241,1468669,1505105,1534320,1554439,1571266,1586530,1600013,1618042,1640181,1662421,1696089,1734030,1768643,1808039,1847772,1900923
16000,Idaho,3,Per capita personal income (dollars) 2/,23688,25183,25799,26233,26728,28317,29392,31476,32707,32841,31281,32097,33579,35110,36095,37680,39386,40098,41457,43217,45924,49491,52369
17000,Illinois,1,Personal income (millions of dollars),383972.5,412965.5,428339.2,433314.9,442126.4,459761.5,478865.6,510377,539737.4,553983.9,526967.6,543084.3,569775.5,595073.5,609778.6,638640,666943.7,673691,692895.9,728667,750935.6,794459.5,852082.1
17000,Illinois,2,Population (persons) 1/,12359020,12434161,12488445,12525556,12556006,12589773,12609903,12643955,12695866,12747038,12796778,12845511,12892740,12928106,12960987,12970348,12964764,12946698,12924504,12888646,12850150,12785245,12671469
17000,Illinois,3,Per capita personal income (dollars) 2/,31068,33212,34299,34594,35212,36519,37975,40365,42513,43460,41180,42278,44194,46029,47047,49238,51443,52036,53611,56536,58438,62139,67244
18000,Indiana,1,Personal income (millions of dollars),160797.6,171501.5,175494.3,178021.1,182928.7,191918.7,198189,209756.2,217254.2,227486.5,221343.2,231707.2,246494,258136.4,261702.3,272244.9,282821.4,290604.4,300964.6,315740.4,329625,354337.7,384520
18000,Indiana,2,Population (persons) 1/,6044969,6091866,6127760,6155967,6196638,6233007,6278616,6332669,6379599,6424806,6459325,6491352,6521259,6546242,6581101,6609839,6628556,6658366,6685900,6725753,6761742,6785644,6805985
18000,Indiana,3,Per capita personal income (dollars) 2/,26600,28153,28639,28918,29521,30791,31566,33123,34055,35408,34267,35695,37799,39433,39766,41188,42667,43645,45015,46945,48749,52219,56497
19000,Iowa,1,Personal income (millions of dollars),75098.7,80228.5,82571.1,84424,86443.8,93643.1,96704.5,102746.8,110011,116756.7,113084.5,116906,125978.2,132158.9,134757.8,139531.3,144587.6,145790,149420.3,155916.4,160360.6,169994.2,182524.5
19000,Iowa,2,Population (persons) 1/,2917634,2929067,2931997,2934234,2941999,2953635,2964454,2982644,2999212,3016734,3032870,3051447,3069937,3082570,3102253,3121583,3136111,3149432,3162621,3171441,3183831,3188669,3193079
19000,Iowa,3,Per capita personal income (dollars) 2/,25740,27390,28162,28772,29383,31704,32621,34448,36680,38703,37286,38312,41036,42873,43439,44699,46104,46291,47246,49163,50367,53312,57163
20000,Kansas,1,Personal income (millions of dollars),72120.7,76105.1,78664.7,79365.2,81890.3,84335.9,89346.2,98610.2,105943.2,115852.5,111697.4,114239.8,123558.8,130948.1,133979.9,136878.7,138336.8,138533.9,142421.6,148523.2,155125.9,164333.6,172918.3
20000,Kansas,2,Population (persons) 1/,2678338,2693681,2702162,2713535,2723004,2734373,2745299,2762931,2783785,2808076,2832704,2858822,2872476,2891101,2901661,2911506,2922671,2927230,2927419,2931572,2933747,2935880,2934582
20000,Kansas,3,Per capita personal income (dollars) 2/,26927,28253,29112,29248,30074,30843,32545,35690,38057,41257,39431,39960,43015,45294,46174,47013,47332,47326,48651,50663,52876,55974,58924
21000,Kentucky,1,Personal income (millions of dollars),93315.4,100691.4,104126.9,106568.4,109876.6,116453.4,122305.7,129361.3,135056.8,141572.6,139861.7,145301.2,152218.7,157635.7,159224.8,166717.1,174331.2,177190.6,182391.5,188348.3,197356,214052.5,231179.8
21000,Kentucky,2,Population (persons) 1/,4018053,4049021,4068132,4089875,4117170,4146101,4182742,4219239,4256672,4289878,4317074,4349138,4374212,4394010,4415821,4428679,4443606,4457599,4475723,4487233,4498141,4503958,4509394
21000,Kentucky,3,Per capita personal income (dollars) 2/,23224,24868,25596,26057,26687,28087,29241,30660,31728,33002,32397,33409,34799,35875,36058,37645,39232,39750,40751,41974,43875,47525,51266
22000,Louisiana,1,Personal income (millions of dollars),101467.7,107310.6,114917.4,118229.4,122169.8,127758.4,137935.1,145645.5,159411.3,170869.3,165876.2,173800.8,179073.4,188760.8,191497.3,200293.9,201363.5,200190.6,206121.5,215086.4,222349.1,236324.2,250700.7
22000,Louisiana,2,Population (persons) 1/,4460811,4471885,4477875,4497267,4521042,4552238,4576628,4302665,4375581,4435586,4491648,4544800,4577075,4603574,4628228,4648811,4670563,4685605,4678606,4670052,4664558,4651203,4624047
22000,Louisiana,3,Per capita personal income (dollars) 2/,22746,23997,25663,26289,27022,28065,30139,33850,36432,38522,36930,38242,39124,41003,41376,43085,43113,42725,44056,46057,47668,50809,54217
23000,Maine,1,Personal income (millions of dollars),32657,35107.4,37058.4,38323.5,40247.6,42315.6,43421.3,45599.7,47357.3,49445.4,49403,50603.6,52789,53782.5,53742,55863.6,58331.3,59959.2,62372.1,65015.1,68863,74805.9,80254.4
23000,Maine,2,Population (persons) 1/,1266808,1277072,1285692,1295960,1306513,1313688,1318787,1323619,1327040,1330509,1329590,1327961,1330029,1330899,1332596,1336530,1335653,1340177,1344851,1350525,1357487,1362280,1372247
23000,Maine,3,Per capita personal income (dollars) 2/,25779,27491,28824,29572,30805,32211,32925,34451,35686,37163,37157,38106,39690,40411,40329,41797,43672,44740,46378,48141,50728,54912,58484
24000,Maryland,1,Personal income (millions of dollars),173588.8,189023.5,199273.1,206925.3,216521.5,230980.2,243351.5,256471.5,267560.8,279622.9,277627.5,287652.4,303517.8,312175.8,311524,322438.2,337702.8,350384.4,361606.2,371870.3,384074.3,405454.6,430429.3
24000,Maryland,2,Population (persons) 1/,5254509,5311034,5374691,5440389,5496269,5546935,5592379,5627367,5653408,5684965,5730388,5791559,5854282,5913919,5962350,6008975,6049289,6079669,6112835,6138786,6163628,6172679,6165129
24000,Maryland,3,Per capita personal income (dollars) 2/,33036,35591,37076,38035,39394,41641,43515,45576,47327,49186,48448,49668,51845,52787,52249,53659,55825,57632,59155,60577,62313,65685,69817
25000,Massachusetts,1,Personal income (millions of dollars),220900.7,245502.5,255086.8,253738.7,258616.7,271926.8,284122.5,306081.9,322126,335157.2,330909.7,347492.1,363396.4,379267.8,382611.1,401832.5,428228.9,444184.1,463980.9,487436.5,513710.4,550459.5,584291.1
25000,Massachusetts,2,Population (persons) 1/,6317345,6361104,6397634,6417206,6422565,6412281,6403290,6410084,6431559,6468967,6517613,6569537,6629863,6692712,6756583,6819480,6865334,6908516,6958374,6994054,7016618,7022220,6984723
25000,Massachusetts,3,Per capita personal income (dollars) 2/,34967,38594,39872,39540,40267,42407,44371,47750,50085,51810,50772,52894,54812,56669,56628,58924,62376,64295,66679,69693,73213,78388,83653
26000,Michigan,1,Personal income (millions of dollars),283339.7,302000.6,307220.9,306502.9,314078.2,323456.7,331142.6,339338.4,349331.5,357779.8,339695,353316.3,373861.3,389544.1,393576.8,411019.8,433688.6,446030.2,459437.9,477925.4,495268.6,537493.5,567807.1
26000,Michigan,2,Population (persons) 1/,9897116,9952450,9991120,10015710,10041152,10055315,10051137,10036081,10001284,9946889,9901591,9880076,9895488,9920751,9947308,9974630,9987137,10016980,10049868,10070610,10078236,10067664,10050811
26000,Michigan,3,Per capita personal income (dollars) 2/,28629,30344,30749,30602,31279,32168,32946,33812,34929,35969,34307,35760,37781,39266,39566,41207,43425,44527,45716,47457,49142,53388,56494
27000,Minnesota,1,Personal income (millions of dollars),147680.9,160089,166871.9,170419,178356.2,189320.9,194876.8,204823.7,216907.2,226467.1,216945.7,226957.1,242593.2,257164.2,259781.8,273488,286422.9,292234.9,304179.5,319452.6,332916,355211.2,378284.7
27000,Minnesota,2,Population (persons) 1/,4873481,4933692,4982796,5018935,5053572,5087713,5119598,5163555,5207203,5247018,5281203,5312113,5352572,5388297,5430428,5473353,5509714,5556226,5605384,5650149,5686733,5707165,5707390
27000,Minnesota,3,Per capita personal income (dollars) 2/,30303,32448,33490,33955,35293,37211,38065,39667,41655,43161,41079,42724,45323,47726,47838,49967,51985,52596,54266,56539,58543,62240,66280
28000,Mississippi,1,Personal income (millions of dollars),58573.1,61755.4,65175.9,66375,69022.3,73109.9,77981.6,81284.4,86544.4,90748.4,89226.6,92933.2,96918,100377.2,102317.4,104255.5,106064,107499.5,110093.1,112739,117112.8,126306.9,135347.4
28000,Mississippi,2,Population (persons) 1/,2828408,2848353,2852994,2858681,2868312,2889010,2905943,2904978,2928350,2947806,2958774,2970366,2977897,2982342,2986574,2987621,2984959,2984317,2983393,2974618,2968981,2956870,2949965
28000,Mississippi,3,Per capita personal income (dollars) 2/,20709,21681,22845,23219,24064,25306,26835,27981,29554,30785,30157,31287,32546,33657,34259,34896,35533,36021,36902,37900,39445,42716,45881
29000,Missouri,1,Personal income (millions of dollars),146510.9,156675.8,161842,165526,171766.6,181111.9,187996.2,199347.8,209021.4,221033.5,216893.6,222564,231646.3,242981.4,245200,254317.5,263271.4,270603.5,276573.9,288564.8,301030.7,320698.2,341254
29000,Missouri,2,Population (persons) 1/,5561948,5607285,5641142,5674825,5709403,5747741,5790300,5842704,5887612,5923916,5961088,5996166,6011569,6026727,6044003,6060459,6077057,6093349,6113669,6128594,6143406,6154481,6168187
29000,Missouri,3,Per capita personal income (dollars) 2/,26342,27941,28690,29168,30085,31510,32467,34119,35502,37312,36385,37118,38533,40317,40569,41963,43322,44410,45239,47085,49001,52108,55325
30000,Montana,1,Personal income (millions of dollars),19560.5,20860.4,21763.7,22384.6,24025.3,26161.9,28272.7,30670.2,32976.1,34947.6,34133.5,36060.4,38487.9,40919.7,41322.5,43555.8,45453.5,46074.1,48704.8,50780.1,54083.5,58769.6,62886.7
30000,Montana,2,Population (persons) 1/,897507,903773,906961,911667,919630,930009,940102,952692,964706,976415,983982,990863,998188,1005385,1015933,1024998,1034413,1045648,1057982,1066542,1075462,1086193,1104271
30000,Montana,3,Per capita personal income (dollars) 2/,21794,23081,23996,24554,26125,28131,30074,32193,34183,35792,34689,36393,38558,40701,40674,42494,43941,44063,46036,47612,50289,54106,56949
31000,Nebraska,1,Personal income (millions of dollars),46958.3,49767.7,52068.7,52884.6,56241.3,58826.4,61063.5,63850.6,68718,72815.5,71664.2,75489.6,84211.6,86754.2,87398.7,92524,96282.1,94838,96996.2,100995.1,105922.2,112629.7,120188.5
31000,Nebraska,2,Population (persons) 1/,1704764,1713820,1719836,1728292,1738643,1749370,1761497,1772693,1783440,1796378,1812683,1830158,1843774,1858886,1873369,1889916,1904449,1921360,1934360,1945367,1954927,1961455,1963692
31000,Nebraska,3,Per capita personal income (dollars) 2/,27545,29039,30275,30599,32348,33627,34666,36019,38531,40535,39535,41248,45674,46670,46653,48957,50556,49360,50144,51916,54182,57421,61205
32000,Nevada,1,Personal income (millions of dollars),58824.9,64571.6,68116.6,69843.2,74483.4,82663.2,92687.4,100318.1,104595.5,103056.2,97267.1,101307,105105.4,109347.4,109870.5,117372.2,127117,132058.4,140347.5,149611.8,161433.6,172538.5,189308.2
32000,Nevada,2,Population (persons) 1/,1934718,2018741,2098399,2173791,2248850,2346222,2432143,2522658,2601072,2653630,2684665,2701967,2710520,2739941,2770049,2809771,2857017,2905604,2955631,3011627,3068943,3114071,3143991
32000,Nevada,3,Per capita personal income (dollars) 2/,30405,31986,32461,32130,33121,35232,38109,39767,40212,38836,36231,37494,38777,39909,39664,41773,44493,45450,47485,49678,52602,55406,60213
33000,New Hampshire,1,Personal income (millions of dollars),38924.2,43810.9,46136.8,46923.2,47829.3,50874.3,52744,56460.3,58663.4,60381.4,59358,62032.3,64945.3,67855.3,67703.7,70501.2,73474.6,76092.3,79312.5,83026,88822.8,94440.8,101674.5
33000,New Hampshire,2,Population (persons) 1/,1222014,1239882,1255517,1269089,1279840,1290121,1298492,1308389,1312540,1315906,1316102,1317094,1321886,1327287,1331050,1339224,1343633,1351059,1358984,1364875,1371834,1377848,1388992
33000,New Hampshire,3,Per capita personal income (dollars) 2/,31852,35335,36747,36974,37371,39434,40619,43153,44695,45886,45101,47098,49131,51123,50865,52643,54684,56321,58362,60831,64747,68542,73200
34000,New Jersey,1,Personal income (millions of dollars),300654,330613.6,341787.7,346163.5,354361.8,370214.8,384731.4,413114.6,438001.1,451052.1,436504,449927.1,470008.1,487527.7,492488.2,515515.1,537105.9,552051.4,573105.5,598428.7,633651,663544.1,713720.6
34000,New Jersey,2,Population (persons) 1/,8359592,8430621,8492671,8552643,8601402,8634561,8651974,8661679,8677885,8711090,8755602,8809058,8876959,8933292,8984801,9033845,9076577,9119862,9174898,9218858,9258804,9279743,9267130
34000,New Jersey,3,Per capita personal income (dollars) 2/,35965,39216,40245,40474,41198,42876,44467,47695,50473,51779,49854,51076,52947,54574,54813,57065,59175,60533,62465,64914,68438,71505,77016
35000,New Mexico,1,Personal income (millions of dollars),39031.3,42073.6,45061.9,46855.5,48999.1,52162.9,55762,60035.5,63582.9,67656.8,67034.1,69607.2,72967.7,74725.4,73561.8,77975.1,79864.3,81414.1,82903.6,86685.6,91853.6,99018,106451.2
35000,New Mexico,2,Population (persons) 1/,1808082,1821204,1831690,1855309,1877574,1903808,1932274,1962137,1990070,2010662,2036802,2064892,2082110,2090254,2096509,2095037,2096003,2099630,2101053,2103101,2110146,2117566,2115877
35000,New Mexico,3,Per capita personal income (dollars) 2/,21587,23102,24601,25255,26097,27399,28858,30597,31950,33649,32911,33710,35045,35749,35088,37219,38103,38775,39458,41218,43530,46760,50311
36000,New York,1,Personal income (millions of dollars),637109.2,685783.3,711466.3,709785,720548.9,754007.4,782224.9,843047.5,907402.6,925727.6,907953.4,947076.6,997755.8,1049158.2,1062135.4,1105907.8,1154722.9,1194534.6,1270251.6,1311427.5,1362298.6,1442624.6,1524128.5
36000,New York,2,Population (persons) 1/,18882725,19001780,19082838,19137800,19175939,19171567,19132610,19104631,19132335,19212436,19307066,19419964,19600908,19757479,19892169,20002008,20088855,20150838,20190489,20222664,20222325,20154933,19835913
36000,New York,3,Per capita personal income (dollars) 2/,33740,36090,37283,37088,37576,39329,40884,44128,47428,48184,47027,48768,50904,53102,53395,55290,57481,59280,62913,64849,67366,71577,76837
37000,North Carolina,1,Personal income (millions of dollars),208586.3,222325.8,228555.9,231900.3,241851.1,262024.3,281572.1,306618.1,330170.3,352222.3,339555.6,343348.3,355826.6,380160.6,376392.4,398099.5,419334.3,432626.2,453729.2,476308.7,505470.2,542726.5,592695
37000,North Carolina,2,Population (persons) 1/,7949361,8081614,8210122,8326201,8422501,8553152,8705407,8917270,9118037,9309449,9449566,9571353,9642580,9722105,9803434,9880220,9966060,10076064,10175266,10275806,10370550,10457177,10551162
37000,North Carolina,3,Per capita personal income (dollars) 2/,26239,27510,27838,27852,28715,30635,32345,34385,36211,37835,35933,35872,36902,39103,38394,40293,42076,42936,44591,46352,48741,51900,56173
38000,North Dakota,1,Personal income (millions of dollars),15272.3,16623.2,16961.2,17369.5,18958.8,19410.3,20653.4,21662.9,23964.5,27009.4,26739.8,29880.8,33666,39796.2,39933.5,42819.6,41178.9,39765.8,40266.3,42733.1,44346.9,47410.7,50002.9
38000,North Dakota,2,Population (persons) 1/,644259,642023,639062,638168,638817,644705,646089,649422,652822,657569,664968,675054,687065,705071,727382,744395,762693,764650,766673,771407,776516,778962,774948
38000,North Dakota,3,Per capita personal income (dollars) 2/,23705,25892,26541,27218,29678,30107,31967,33357,36709,41075,40212,44264,49000,56443,54900,57523,53991,52005,52521,55396,57110,60864,64524
39000,Ohio,1,Personal income (millions of dollars),308329.3,324977.5,333912.2,338738.3,348858.5,362572.6,373789.4,392816.9,409745.8,424081.9,412219,425361.8,453595.4,471703.9,479088.7,498894.6,518826.8,529069.6,547516.6,568458.4,589835.8,631330.7,670035.6
39000,Ohio,2,Population (persons) 1/,11335454,11363543,11387404,11407889,11434788,11452251,11463320,11481213,11500468,11515391,11528896,11541886,11557958,11573024,11611630,11648446,11674128,11701886,11737605,11762842,11788547,11790587,11780017
39000,Ohio,3,Per capita personal income (dollars) 2/,27200,28598,29323,29693,30509,31660,32607,34214,35629,36827,35755,36854,39245,40759,41259,42829,44442,45212,46646,48327,50035,53545,56879
40000,Oklahoma,1,Personal income (millions of dollars),77034.2,83519.2,88786.3,90797.9,95327.6,103161.6,113042.8,125269.2,129786.5,144283.1,133523.6,140140.3,150709.9,161128.4,169382.6,180469,175134,166547.7,174159.6,182341.2,191851.6,200152.9,214760.7
40000,Oklahoma,2,Population (persons) 1/,3437147,3454365,3467100,3489080,3504892,3525233,3548597,3594090,3634349,3668976,3717572,3759581,3786640,3815353,3848112,3871583,3901051,3916821,3920455,3928494,3943796,3962031,3986639
40000,Oklahoma,3,Per capita personal income (dollars) 2/,22412,24178,25608,26023,27198,29264,31856,34854,35711,39325,35917,37276,39800,42232,44017,46614,44894,42521,44423,46415,48646,50518,53870
41000,Oregon,1,Personal income (millions of dollars),90337,97354.7,99975.9,101008.6,104740.8,110638.8,116691.6,127440.2,133555.6,139412.2,134493.3,138291.6,145596.1,153548,156130,167077.3,179600.2,188283.3,198957.5,211541.6,222257,241790.3,261546.5
41000,Oregon,2,Population (persons) 1/,3393941,3429708,3467937,3513424,3547376,3569463,3613202,3670883,3722417,3768748,3808600,3837611,3872655,3900071,3924064,3965387,4018466,4093179,4147186,4183414,4215976,4241544,4246155
41000,Oregon,3,Per capita personal income (dollars) 2/,26617,28386,28829,28749,29526,30996,32296,34716,35879,36992,35313,36036,37596,39371,39788,42134,44694,45999,47974,50567,52718,57005,61596
42000,Pennsylvania,1,Personal income (millions of dollars),349385.3,373971.6,389069.8,396229.2,410471.3,434175.9,453298.2,476775.1,506789.7,526290.3,513386.3,537282.2,564695.4,587666,593682.1,619079.4,643988.1,661160.1,678604.6,714331.5,739891.8,788281.5,833314.5
42000,Pennsylvania,2,Population (persons) 1/,12263805,12284173,12298970,12331031,12374658,12410722,12449990,12510809,12563937,12612285,12666858,12716521,12772774,12815609,12846775,12880463,12898688,12918191,12945337,12980864,12991448,12989625,12964056
42000,Pennsylvania,3,Per capita personal income (dollars) 2/,28489,30443,31634,32133,33170,34984,36410,38109,40337,41728,40530,42251,44211,45855,46213,48063,49927,51181,52421,55030,56952,60685,64279
44000,Rhode Island,1,Personal income (millions of dollars),29647.4,31946.5,33633.3,34972.6,36747.8,38606.4,39495.5,41490.7,43237.9,43928.6,42788.7,45116.2,46793.7,48501.7,48544.7,50646.2,52447.6,53229.7,55310.7,57490.5,61107.2,65709,70531.5
44000,Rhode Island,2,Population (persons) 1/,1040402,1050268,1057142,1065995,1071342,1074579,1067916,1063096,1057315,1055003,1053646,1054954,1058647,1063602,1068168,1073041,1077348,1082251,1084914,1091751,1094524,1096229,1095610
44000,Rhode Island,3,Per capita personal income (dollars) 2/,28496,30417,31815,32807,34301,35927,36984,39028,40894,41638,40610,42766,44201,45601,45447,47199,48682,49184,50982,52659,55830,59941,64376
45000,South Carolina,1,Personal income (millions of dollars),94453.8,101138.9,104620.9,107551.6,111359.6,117847.3,125049.5,135022.4,143997.2,150518,146919.5,152230.5,160767.4,169185.2,171617.2,182832.6,194364.1,202215.4,212325.2,221707.2,237024.5,251946.2,272339.5
45000,South Carolina,2,Population (persons) 1/,3974682,4024223,4064995,4107795,4150297,4210921,4270150,4357847,4444110,4528996,4589872,4633890,4662785,4701074,4740306,4792246,4852678,4910768,4965753,5021059,5077543,5130729,5190705
45000,South Carolina,3,Per capita personal income (dollars) 2/,23764,25133,25737,26182,26832,27986,29285,30984,32402,33234,32010,32852,34479,35989,36204,38152,40053,41178,42758,44155,46681,49105,52467
46000,South Dakota,1,Personal income (millions of dollars),18990,20275.5,20953.8,20955.1,22890.3,24671.7,26202.3,27640.3,30673.9,32898.7,31893.7,33804,36842.8,37844.2,38365.9,40252.3,41912.7,42336.8,43599,45660.9,48797,53621.5,57717.8
46000,South Dakota,2,Population (persons) 1/,750412,755844,757972,760020,763729,770396,775493,783033,791623,799124,807067,816078,823160,832800,841206,847634,852134,860650,870163,875300,882507,887099,895376
46000,South Dakota,3,Per capita personal income (dollars) 2/,25306,26825,27645,27572,29972,32025,33788,35299,38748,41168,39518,41423,44758,45442,45608,47488,49186,49192,50104,52166,55294,60446,64462
47000,Tennessee,1,Personal income (millions of dollars),145517.2,154378.5,158384.6,162942.4,170160.3,180115.4,189003.8,201325.2,210986.9,219027.3,217218.6,227883,241617.6,254470.6,256753.8,267288.7,281281.1,290239.9,302461.6,319022.2,338609.2,362278.1,394520.4
47000,Tennessee,2,Population (persons) 1/,5638706,5703719,5750789,5795918,5847812,5910809,5991057,6088766,6175727,6247411,6306019,6356320,6404344,6463111,6507640,6558710,6612901,6672356,6739437,6806545,6862378,6920119,6975218
47000,Tennessee,3,Per capita personal income (dollars) 2/,25807,27066,27541,28113,29098,30472,31548,33065,34164,35059,34446,35851,37727,39373,39454,40753,42535,43499,44879,46870,49343,52351,56560
48000,Texas,1,Personal income (millions of dollars),545418.2,594466,631990.8,640381.6,665861.1,698584.4,757968.6,832292.1,883810.4,971051.2,924343.9,985165.1,1077403.3,1152725.2,1184840.5,1274636.9,1300510.1,1296480.8,1387922.6,1482714.1,1560503.5,1624525.8,1767681.7
48000,Texas,2,Population (persons) 1/,20558220,20944499,21319622,21690325,22030931,22394023,22778123,23359580,23831983,24309039,24801761,25238863,25630063,26055816,26438164,26907878,27399070,27830020,28192251,28510878,28857754,29217653,29527941
48000,Texas,3,Per capita personal income (dollars) 2/,26530,28383,29644,29524,30224,31195,33276,35630,37085,39946,37269,39034,42037,44241,44816,47370,47465,46586,49231,52005,54076,55601,59865
49000,Utah,1,Personal income (millions of dollars),50859.2,54450.8,56922.7,58562.9,60872.6,64886.8,71095.3,79116,86153.1,90386.9,86761.6,89439.2,96356.7,102990.8,106176.2,112620.2,121339.2,127881.4,135162.2,145255.8,157045.2,171385.4,186990.5
49000,Utah,2,Population (persons) 1/,2203482,2244502,2283715,2324815,2360137,2401580,2457719,2525507,2597746,2663029,2723421,2776094,2818261,2860480,2908068,2950652,2999092,3063043,3125784,3180896,3232701,3281684,3337975
49000,Utah,3,Per capita personal income (dollars) 2/,23081,24260,24925,25190,25792,27018,28927,31327,33165,33941,31858,32218,34190,36005,36511,38168,40459,41750,43241,45665,48580,52225,56019
50000,Vermont,1,Personal income (millions of dollars),16303.8,17687.6,18804.8,19212.2,19980.1,21131.3,21666.5,23052,24280.9,25603.9,25291.7,26140,27690.6,28554.4,28964.3,30195.9,31079,31575.6,32445.5,33577,35584.5,38097.7,39949.4
50000,Vermont,2,Population (persons) 1/,604683,609618,612223,615442,617858,619920,621215,622892,623481,624151,624817,626360,629582,630661,632824,633827,635874,636342,639061,640667,641838,642495,645570
50000,Vermont,3,Per capita personal income (dollars) 2/,26963,29014,30716,31217,32338,34087,34878,37008,38944,41022,40479,41733,43982,45277,45770,47641,48876,49621,50771,52409,55442,59296,61882
51000,Virginia,1,Personal income (millions of dollars),214461.2,232469.6,244753.6,251379.6,266597.6,285112.6,304350,325251.8,342962.7,356536,349428.5,365245.5,385984.5,404179.7,401684.3,419329.6,438272.8,449830.1,466610.7,483922.1,507874.1,536817.2,573027.9
51000,Virginia,2,Population (persons) 1/,7000174,7105817,7198362,7286873,7366977,7475575,7577105,7673725,7751000,7833496,7925937,8025030,8107628,8196915,8269638,8333578,8389864,8444688,8502578,8547016,8597339,8632044,8642274
51000,Virginia,3,Per capita personal income (dollars) 2/,30637,32715,34001,34498,36188,38139,40167,42385,44248,45514,44087,45513,47608,49309,48573,50318,52238,53268,54879,56619,59073,62189,66305
53000,Washington,1,Personal income (millions of dollars),180875.8,193410,198031,201013.6,209084.9,224764.7,233923.2,255002.6,276678.4,290319.4,277305.3,285579.9,302075.9,326698.8,333763.7,359690.6,381158.1,401774.3,426442.7,454583.5,490322.1,527581.8,570920.8
53000,Washington,2,Population (persons) 1/,5842564,5910512,5985722,6052349,6104115,6178645,6257305,6370753,6461587,6562231,6667426,6743597,6830460,6904030,6974173,7068026,7180454,7315935,7446807,7548537,7638689,7718785,7738692
53000,Washington,3,Per capita personal income (dollars) 2/,30958,32723,33084,33212,34253,36378,37384,40027,42819,44241,41591,42348,44225,47320,47857,50890,53083,54918,57265,60221,64189,68350,73775
54000,West Virginia,1,Personal income (millions of dollars),38114.1,40327.7,42791.9,44263.4,44986.9,46658.4,49118.6,52467.6,54490.8,58167.1,58608.6,60753.8,64227.3,65898.5,65572.8,67764.4,69178.6,68630.1,71344.5,74740,77329.9,80971.2,86451.8
54000,West Virginia,2,Population (persons) 1/,1811799,1807021,1801481,1805414,1812295,1816438,1820492,1827912,1834052,1840310,1847775,1854409,1857326,1858745,1856642,1853014,1846341,1835998,1822785,1810588,1800430,1789798,1782959
54000,West Virginia,3,Per capita personal income (dollars) 2/,21037,22317,23754,24517,24823,25687,26981,28704,29711,31607,31718,32762,34581,35453,35318,36570,37468,37380,39140,41279,42951,45240,48488
55000,Wisconsin,1,Personal income (millions of dollars),148959.2,158832.3,166751.6,171113.4,176142.7,184301.6,191047.1,202681.2,212179.2,220311.5,216466.3,222982.7,235433.8,246242.3,247847.4,258347.8,269703.9,274374.7,284576.5,298256.9,311019,329622.8,351551.3
55000,Wisconsin,2,Population (persons) 1/,5332666,5373999,5406835,5445162,5479203,5514026,5546166,5577655,5610775,5640996,5669264,5691995,5713164,5734069,5757204,5778371,5794088,5812379,5836461,5858766,5880193,5892323,5895908
55000,Wisconsin,3,Per capita personal income (dollars) 2/,27933,29556,30841,31425,32148,33424,34447,36338,37816,39055,38182,39175,41209,42944,43050,44709,46548,47205,48758,50908,52893,55941,59626
56000,Wyoming,1,Personal income (millions of dollars),13532.7,14634.6,15505.9,15927.6,16959.1,18360.8,20250,23254.6,24752.8,27163.2,24949.2,26328.8,28786.6,31199.6,31240.1,33549.3,33761.8,31908.5,32952.3,34759.6,36889,37974,40322.8
56000,Wyoming,2,Population (persons) 1/,491780,494300,494657,500017,503453,509106,514157,522667,534876,546043,559851,564405,566858,575497,580930,580949,583645,581983,576248,574801,575341,577267,578803
56000,Wyoming,3,Per capita personal income (dollars) 2/,27518,29607,31347,31854,33686,36065,39385,44492,46278,49746,44564,46649,50783,54213,53776,57749,57846,54827,57184,60472,64117,65782,69666
91000,New England,1,Personal income (millions of dollars),472872.1,521001.3,545723.2,547766.6,560206.2,590003.7,615879.8,661557.2,699132.8,730690.9,720333.6,752442.8,782522,809132.8,807741.7,845796,886726,912818.4,945992.9,989902.7,1040547.3,1105999,1177024.3
91000,New England,2,Population (persons) 1/,13837653,13949721,14041043,14122441,14182454,14206683,14216656,14245540,14279205,14340115,14403575,14476185,14564200,14650420,14731535,14816797,14869837,14926033,14993799,15053190,15089460,15101332,15092739
91000,New England,3,Per capita personal income (dollars) 2/,34173,37349,38866,38787,39500,41530,43321,46440,48962,50954,50011,51978,53729,55229,54831,57084,59633,61156,63092,65760,68959,73239,77986
92000,Mideast,1,Personal income (millions of dollars),1507596.1,1630935,1696754.4,1715338.1,1759198.1,1850195.4,1926908.3,2056530.9,2190497.8,2254167,2207522.5,2297100.4,2417297.1,2519931.4,2544627.4,2652752.3,2769073,2857259.7,2986508.9,3103956.7,3231321.4,3417697.1,3626371.3
92000,Mideast,2,Population (persons) 1/,46105834,46386027,46619373,46841190,47034773,47162342,47239239,47334435,47473718,47684886,47943872,48241659,48630886,48968003,49256449,49515008,49723638,49895423,50066003,50217876,50304910,50278959,49905662
92000,Mideast,3,Per capita personal income (dollars) 2/,32699,35160,36396,36620,37402,39230,40790,43447,46141,47272,46044,47617,49707,51461,51661,53575,55689,57265,59651,61810,64235,67975,72665
93000,Great Lakes,1,Personal income (millions of dollars),1285398.2,1370277.4,1411718.2,1427690.6,1464134.4,1522011,1573033.8,1654969.8,1728248.1,1783643.6,1716691.1,1776452.2,1879160,1960700.3,1991993.7,2079147.1,2171984.3,2213769.8,2285391.6,2389048.1,2476684.1,2647244.2,2825996.1
93000,Great Lakes,2,Population (persons) 1/,44969225,45216019,45401564,45550284,45707787,45844372,45949142,46071573,46187992,46275120,46355854,46450820,46580609,46702192,46858230,46981634,47048673,47136309,47234338,47306617,47358868,47321463,47204190
93000,Great Lakes,3,Per capita personal income (dollars) 2/,28584,30305,31094,31343,32032,33200,34234,35922,37418,38544,37033,38244,40342,41983,42511,44254,46165,46965,48384,50501,52296,55942,59867
94000,Plains,1,Personal income (millions of dollars),522631.7,559764.8,579933.3,590943.4,616547.2,651320.2,676843.1,718682.3,765239.2,812833.5,788918.9,819841.3,878497,927647.3,939417.7,979811.3,1011992.5,1024103,1053457,1101846,1148499.4,1223899.1,1302890.5
94000,Plains,2,Population (persons) 1/,19130836,19275412,19374967,19468009,19569167,19687933,19802730,19956982,20105697,20248815,20392583,20539838,20660553,20785452,20920302,21048846,21164829,21272897,21380289,21473830,21561667,21613711,21637254
94000,Plains,3,Per capita personal income (dollars) 2/,27319,29040,29932,30355,31506,33082,34179,36012,38061,40142,38687,39915,42520,44630,44905,46549,47815,48141,49272,51311,53266,56626,60215
95000,Southeast,1,Personal income (millions of dollars),1771502,1899855.6,1986389.3,2040468.2,2132775,2281487.4,2443495.2,2622134.4,2766647.5,2857798.6,2770280.1,2889336.6,3038507.1,3173915.8,3188790.8,3366606.7,3539296.7,3640705.1,3822623.9,4010921.4,4240360.9,4518896.1,4899059.8
95000,Southeast,2,Population (persons) 1/,68569381,69497232,70317959,71151666,71961591,73019229,74148386,75065947,76122849,77057840,77814936,78570325,79199406,79888872,80515501,81203968,81982533,82834748,83586827,84232711,84845052,85374665,85872186
95000,Southeast,3,Per capita personal income (dollars) 2/,25835,27337,28249,28678,29638,31245,32954,34931,36345,37086,35601,36774,38365,39729,39605,41459,43171,43951,45732,47617,49978,52930,57051
96000,Southwest,1,Personal income (millions of dollars),786877.1,856233.9,908262.5,925637.2,966646.2,1024730.6,1115535.4,1226825.5,1298424.6,1407499.4,1337547.6,1411786.4,1528781,1626388,1671537.2,1790353.2,1826323.9,1826527.7,1944234.9,2068637.2,2184468.5,2299298,2492632.8
96000,Southwest,2,Population (persons) 1/,30827272,31380654,31891889,32430969,32923761,33475468,34098071,34944948,35624083,36269039,36899289,37465360,37945350,38468774,38946001,39512694,40110452,40648062,41093589,41512417,41982207,42475236,42906773
96000,Southwest,3,Per capita personal income (dollars) 2/,25525,27285,28479,28542,29360,30611,32715,35107,36448,38807,36249,37682,40289,42278,42919,45311,45532,44935,47312,49832,52033,54133,58094
97000,Rocky Mountain,1,Personal income (millions of dollars),246464.8,269911.8,282691.2,286676.4,296149.7,312694.7,336666.4,368734.1,395225,412916,393820.4,408127,440397.7,468046.3,486655.2,522936.8,550866.9,563546.4,598125.1,639081.5,687390.6,737628.9,800697.9
97000,Rocky Mountain,2,Population (persons) 1/,9094461,9268926,9430982,9567277,9675332,9807510,9972107,10189958,10406301,10609537,10793888,10949633,11089025,11230078,11386485,11539776,11721767,11915924,12094213,12268132,12427477,12577224,12734041
97000,Rocky Mountain,3,Per capita personal income (dollars) 2/,27101,29120,29975,29964,30609,31883,33761,36186,37979,38919,36485,37273,39715,41678,42740,45316,46995,47294,49455,52093,55312,58648,62879
98000,Far West,1,Personal income (millions of dollars),1413243,1546581.2,1598369.9,1623161.6,1695736.3,1804870,1911241.2,2064707.8,2170692,2216349,2138292.6,2231422.4,2365274.2,2517584.1,2558464.3,2732123.7,2924969.8,3053982.8,3201002.7,3367660.3,3566194.8,3861508.7,4164036.4
98000,Far West,2,Population (persons) 1/,46505506,47188420,47891178,48493357,49053068,49601761,50090268,50570529,51031362,51608614,52167532,52684613,53171603,53650540,54120872,54651324,55207598,55738346,56174005,56477384,56663461,56758490,56540900
98000,Far West,3,Per capita personal income (dollars) 2/,30389,32775,33375,33472,34569,36387,38156,40828,42536,42945,40989,42354,44484,46926,47273,49992,52981,54791,56984,59628,62936,68034,73646
Legend / Footnotes:,,,,,,,,,,,,,,,,,,,,,,,,,,
"1/ Census Bureau midyear population estimate. BEA produced intercensal annual state population statistics for 2010 to 2019 that are tied to the Census Bureau decennial counts for 2010 and 2020. BEA developed intercensal population statistics because this data was not published when Census released state population data for 2020 and 2021, which are based on the 2020 decennial counts. BEA used the Census Bureau Das Gupta method (see https://www2.census.gov/programs-surveys/popest/technical-documentation/methodology/intercensal/2000-2010-intercensal-estimates-methodology.pdf), modified to account for an extra leap year day, to produce the intercensal population figures that will be used until Census releases its official intercensal population data.",,,,,,,,,,,,,,,,,,,,,,,,,,
"2/ Per capita personal income is total personal income divided by total midyear population. BEA produced intercensal population figures for 2010 to 2019 that are tied to the Census Bureau decennial counts for 2010 and 2020 to create consistent time series that are used to prepare per capita personal income statistics. BEA used the Census Bureau Das Gupta method (see https://www2.census.gov/programs-surveys/popest/technical-documentation/methodology/intercensal/2000-2010-intercensal-estimates-methodology.pdf), modified to account for an extra leap year day, to produce the intercensal population figures that will be used until Census releases its official intercensal population data.",,,,,,,,,,,,,,,,,,,,,,,,,,
* Estimates prior to 1950 are not available for Alaska and Hawaii.,,,,,,,,,,,,,,,,,,,,,,,,,,
Note. All dollar estimates are in millions of current dollars (not adjusted for inflation). Calculations are performed on unrounded data.,,,,,,,,,,,,,,,,,,,,,,,,,,
"Last updated: September 30, 2022--revised statistics for 2017-2021.",,,,,,,,,,,,,,,,,,,,,,,,,,
